address,type,size,symbol,x-value
0x1022cf20,float,4,__real@43340000,180.0
0x1022cf28,float,8,__real@3fe0000000000000,0.5
0x1022cf30,float,4,__real@42b40000,90.0
0x1022d848,float,8,__real@408f400000000000,1000.0
0x1022d850,float,8,__real@3fb999999999999a,0.1
0x1022dc88,float,4,__real@3b808081,0.003921568859368563
0x1022ddf8,float,8,__real@3ef179ec9cbd821e,1.6666666666666667e-05
0x1022e060,float,4,__real@3ecccccd,0.4000000059604645
0x1022e064,float,4,__real@3f09898a,0.5372549295425415
0x1022e068,float,4,__real@3f189899,0.5960784554481506
0x1022e078,float,4,__real@3ef0f0f1,0.47058823704719543
0x1022e07c,float,4,__real@3f068687,0.5254902243614197
0x1022e080,float,4,__real@3ef4f4f5,0.47843137383461
0x1022e084,float,4,__real@3f59d9da,0.8509804010391235
0x1022e088,float,4,__real@3f50d0d1,0.8156862854957581
0x1022e08c,float,4,__real@3f51d1d2,0.8196078538894653
0x1022e158,float,8,__real@404e000000000000,60.0
0x1022e9f8,float,8,__real@41cdcd6500000000,1000000000.0
0x1022ecbc,float,4,__real@3d088889,0.03333333507180214
0x1022ed70,float,4,__real@3f000000,0.5
0x1022ed74,float,4,__real@40c00000,6.0
0x1022efec,float,4,__real@3f666666,0.8999999761581421
0x10230880,float,8,__real@4008000000000000,3.0
0x10230d1c,float,4,__real@41800000,16.0
0x10230d20,float,4,__real@41000000,8.0
0x10230d24,float,4,__real@42000000,32.0
0x10230d28,float,4,__real@41400000,12.0
0x10230d2c,float,4,__real@40800000,4.0
0x10230d30,float,4,__real@41e00000,28.0
0x10230d34,float,4,__real@3e4ccccd,0.20000000298023224
0x10230d38,float,4,__real@42480000,50.0
0x10231988,float,4,__real@3e99999a,0.30000001192092896
0x1023198c,float,4,__real@3ca3d70a,0.019999999552965164
0x10231eac,float,4,__real@38000100,3.0518509447574615e-05
0x10233a0c,float,4,__real@c59c4000,-5000.0
0x10233a10,float,4,__real@459c4000,5000.0
0x10233c54,float,4,__real@3eb22d0e,0.3479999899864197
0x10233c58,float,4,__real@3f970a3d,1.1799999475479126
0x10233c5c,float,4,__real@42a00000,80.0
0x10233c60,float,4,__real@3cac0831,0.020999999716877937
0x10233c64,float,4,__real@3c656042,0.014000000432133675
0x10233c68,float,4,__real@3e0f5c29,0.14000000059604645
0x10233c6c,float,4,__real@4033d70a,2.809999942779541
0x10233c70,float,4,__real@3f4ccccd,0.800000011920929
0x10233c74,float,4,__real@3fd9999a,1.7000000476837158
0x10233c78,float,4,__real@3c03126f,0.00800000037997961
0x10233c7c,float,4,__real@3fd33333,1.649999976158142
0x10233c80,float,4,__real@4104cccd,8.300000190734863
0x10233c84,float,4,__real@41a80000,21.0
0x10233c88,float,4,__real@3e374bc7,0.17900000512599945
0x10233c8c,float,4,__real@422a0000,42.5
0x10233c90,float,4,__real@3ccccccd,0.02500000037252903
0x10233c94,float,4,__real@3d79db23,0.061000000685453415
0x10233c98,float,4,__real@418c0000,17.5
0x10233c9c,float,4,__real@41d80000,27.0
0x10233ca0,float,4,__real@3e570a3d,0.20999999344348907
0x10233ca4,float,4,__real@3e8a3d71,0.27000001072883606
0x10233ca8,float,4,__real@3f2b851f,0.6700000166893005
0x10233cac,float,4,__real@429e0000,79.0
0x10233cb0,float,4,__real@3db43958,0.08799999952316284
0x10233cb4,float,4,__real@3e25e354,0.16200000047683716
0x10233cb8,float,4,__real@42180000,38.0
0x10233cbc,float,4,__real@3f733333,0.949999988079071
0x10233cc0,float,4,__real@3e000000,0.125
0x10233cc4,float,4,__real@3f5c28f6,0.8600000143051147
0x10233cc8,float,4,__real@3c54fdf4,0.013000000268220901
0x10233ccc,float,4,__real@3f4a3d71,0.7900000214576721
0x10233cd0,float,4,__real@402ccccd,2.700000047683716
0x10233cd4,float,4,__real@41580000,13.5
0x10233cd8,float,4,__real@3fe66666,1.7999999523162842
0x10233cdc,float,4,__real@3ff33333,1.899999976158142
0x10233ce0,float,4,__real@3e6b851f,0.23000000417232513
0x10233ce4,float,4,__real@4120cccd,10.050000190734863
0x10233ce8,float,4,__real@42493333,50.29999923706055
0x10233cec,float,4,__real@3ea8f5c3,0.33000001311302185
0x10233cf0,float,4,__real@40e7ae14,7.239999771118164
0x10233cf4,float,4,__real@4210cccd,36.20000076293945
0x10233cf8,float,4,__real@3cb43958,0.02199999988079071
0x10233cfc,float,4,__real@3c75c28f,0.014999999664723873
0x10233d00,float,4,__real@3fa66666,1.2999999523162842
0x10233d04,float,4,__real@403a3d71,2.9100000858306885
0x10233d08,float,4,__real@4169999a,14.600000381469727
0x10233d0c,float,4,__real@3ced9168,0.028999999165534973
0x10233d10,float,4,__real@3f333333,0.699999988079071
0x10233d14,float,4,__real@407ae148,3.9200000762939453
0x10233d18,float,4,__real@419ccccd,19.600000381469727
0x10233d1c,float,4,__real@3cf5c28f,0.029999999329447746
0x10233d20,float,4,__real@3f170a3d,0.5899999737739563
0x10233d24,float,4,__real@408a3d71,4.320000171661377
0x10233d28,float,4,__real@41accccd,21.600000381469727
0x10233d2c,float,4,__real@3c8b4396,0.017000000923871994
0x10233d30,float,4,__real@3c449ba6,0.012000000104308128
0x10233d34,float,4,__real@3f23d70a,0.6399999856948853
0x10233d38,float,4,__real@4013d70a,2.309999942779541
0x10233d3c,float,4,__real@4139999a,11.600000381469727
0x10233d40,float,4,__real@3b83126f,0.004000000189989805
0x10233d44,float,4,__real@3b449ba6,0.003000000026077032
0x10233d48,float,4,__real@40200000,2.5
0x10233d4c,float,4,__real@42700000,60.0
0x10233d50,float,4,__real@3f0a3d71,0.5400000214576721
0x10233d54,float,4,__real@3b03126f,0.0020000000949949026
0x10233d58,float,4,__real@3a83126f,0.0010000000474974513
0x10233d5c,float,4,__real@3dcccccd,0.10000000149011612
0x10233d60,float,4,__real@3e2e147b,0.17000000178813934
0x10233d64,float,4,__real@3fb33333,1.399999976158142
0x10233d68,float,4,__real@3f547ae1,0.8299999833106995
0x10233d6c,float,4,__real@3fbeb852,1.4900000095367432
0x10233d70,float,4,__real@437a0000,250.0
0x10233d74,float,4,__real@c0a00000,-5.0
0x10233d78,float,4,__real@3c343958,0.010999999940395355
0x10233d7c,float,4,__real@3be56042,0.007000000216066837
0x10233d80,float,4,__real@40f00000,7.5
0x102344b8,float,8,__real@41f0000000000000,4294967296.0
0x10234848,float,8,__real@3e7ad7f29abcaf48,1e-07
0x102354f0,float,4,__real@358637bd,9.999999974752427e-07
0x102354f4,float,4,__real@ff7fffff,-3.4028234663852886e+38
0x102354f8,float,4,__real@7f7fffff,3.4028234663852886e+38
0x102356c8,float,4,__real@461c4000,10000.0
0x102367c4,float,4,__real@3f99999a,1.2000000476837158
0x102367c8,float,4,__real@3f555555,0.8333333134651184
0x1023696c,float,4,__real@3727c5ac,9.999999747378752e-06
0x10236ee8,float,4,__real@40490fdb,3.1415927410125732
0x10236eec,float,4,__real@40c90fda,6.283185005187988
0x10236ef0,float,4,__real@3e22f984,0.1591549515724182
0x10236ef4,float,4,__real@c0490fdb,-3.1415927410125732
0x10236f10,float,4,__real@3db0b0b1,0.08627451211214066
0x10236f14,float,4,__real@3f45c5c6,0.772549033164978
0x10236f18,float,4,__real@3f018182,0.5058823823928833
0x102372cc,float,4,__real@bf000000,-0.5
0x102374d0,float,4,__real@41a00000,20.0
0x102374d4,float,4,__real@3c23d70a,0.009999999776482582
0x102376b4,float,4,__real@49742400,1000000.0
0x102376b8,float,4,__real@44000000,512.0
0x10237ae0,float,8,__real@c7efffffe0000000,-3.4028234663852886e+38
0x10237ae8,float,8,__real@47efffffe0000000,3.4028234663852886e+38
0x10237f10,float,8,__real@4059000000000000,100.0
0x10237f18,float,8,__real@4014000000000000,5.0
0x10238f68,float,8,__real@404ca5dc1a63c1f8,57.29577951308232
0x10238f70,float,8,__real@3f91df46a2529d39,0.017453292519943295
0x10238fa8,float,8,__real@3f00002000400080,3.051850947599719e-05
0x10238fc0,float,8,__real@400921fb54442d18,3.141592653589793
0x102395b8,float,8,__real@3f50000000000000,0.0009765625
0x10239d48,float,4,__real@45000000,2048.0
0x1023a07c,float,4,__real@40e00000,7.0
0x1023a0e0,float,4,__real@44160000,600.0
0x1023a0e4,float,4,__real@44480000,800.0
0x1023a0f8,float,4,__real@3fc90fdb,1.5707963705062866
0x1023a0fc,float,4,__real@447a0000,1000.0
0x1023a100,float,4,__real@43c80000,400.0
0x1023a104,float,4,__real@bfc90fdb,-1.5707963705062866
0x1023a1cc,float,4,__real@3e800000,0.25
0x1023a1d0,float,4,__real@3f490fdb,0.7853981852531433
0x1023a3b4,float,4,__real@40a00000,5.0
0x1023a3b8,float,4,__real@3f860a92,1.0471975803375244
0x1023a3bc,float,4,__real@3fa00000,1.25
0x1023a48c,float,4,__real@3f8ccccd,1.100000023841858
0x1023a490,float,4,__real@3f1c61aa,0.6108652353286743
0x1023a498,float,8,__real@3fee666666666666,0.95
0x1023a568,float,4,__real@3ea2f983,0.31830987334251404
0x1023a570,float,8,__real@bfde28c740000000,-0.471238911151886
0x1023a578,float,8,__real@3fde28c740000000,0.471238911151886
0x1023a580,float,4,__real@bfa0d97c,-1.2566370964050293
0x1023a584,float,4,__real@bf666666,-0.8999999761581421
0x1023a588,float,4,__real@3fa0d97c,1.2566370964050293
0x1023a64c,float,4,__real@60ad78ec,1.0000000200408773e+20
0x1023a650,float,4,__real@38800100,6.103701889514923e-05
0x1023c3d8,float,8,__real@4000000000000000,2.0
0x1023c548,float,4,__real@c3fa0000,-500.0
0x1023c5b0,float,4,__real@3f19999a,0.6000000238418579
0x1023c5b4,float,4,__real@3f59999a,0.8500000238418579
0x1023c5c8,float,4,__real@41c00000,24.0
0x1023c5cc,float,4,__real@41f00000,30.0
0x1023c5d0,float,4,__real@3faa3d71,1.3300000429153442
0x1023c5d4,float,4,__real@42960000,75.0
0x1023c808,float,4,__real@3f8147ae,1.0099999904632568
0x1023db84,float,4,__real@3d0efa35,0.03490658476948738
0x1023f0f8,float,4,__real@4479c000,999.0
0x1023f830,float,4,__real@c9742400,-1000000.0
0x1023f834,float,4,__real@bf99999a,-1.2000000476837158
0x1023f838,float,4,__real@3cc90fda,0.02454369142651558
0x1023f83c,float,4,__real@40c90fdb,6.2831854820251465
0x1023f840,float,8,__real@3ee4f8b588e368f1,1e-05
0x1024044c,float,4,__real@3965f36d,0.0002192982501583174
0x102405ac,float,4,__real@48f42400,500000.0
0x10241b0c,float,4,__real@3d888889,0.06666667014360428
0x10242c14,float,4,__real@48c35000,400000.0
0x10242c2c,float,4,__real@43fa0000,500.0
0x10242c78,float,4,__real@453b8000,3000.0
0x10242d08,float,4,__real@457a0000,4000.0
0x10242d20,float,4,__real@449c4000,1250.0
0x10243360,float,8,__real@402c000000000000,14.0
0x102450a0,float,8,__real@4024000000000000,10.0
0x10246ca8,float,4,__real@c11cf5c3,-9.8100004196167
0x10246cb8,float,4,__real@bc23d70a,-0.009999999776482582
0x10246cbc,float,4,__real@bdcccccd,-0.10000000149011612
0x10246cc0,float,4,__real@3f028f5c,0.5099999904632568
0x10246d30,float,4,__real@401ccccd,2.450000047683716
0x10246d34,float,4,__real@43960000,300.0
0x10246d38,float,4,__real@3e124925,0.1428571492433548
0x10246d40,float,8,__real@3f910f51ac9afe1e,0.01666
0x10246d48,float,4,__real@bee66666,-0.44999998807907104
0x10246d98,float,4,__real@40300000,2.75
0x10246f10,float,4,__real@3eaaaaab,0.3333333432674408
0x10246f14,float,4,__real@7149f2ca,1.0000000150474662e+30
0x10246f20,float,4,__real@3f2aaaab,0.6666666865348816
0x10246f24,float,4,__real@40860a92,4.188790321350098
0x10246f68,float,4,__real@3b888889,0.004166666883975267
0x10246f6c,float,4,__real@3f428f5c,0.7599999904632568
0x10246f70,float,4,__real@3f11eb85,0.5699999928474426
0x10246f74,float,4,__real@3ed70a3d,0.41999998688697815
0x10246f78,float,4,__real@3e851eb8,0.25999999046325684
0x10246f7c,float,4,__real@3e8f5c29,0.2800000011920929
0x10246f80,float,4,__real@3d4ccccd,0.05000000074505806
0x10246f84,float,4,__real@3fc3d70a,1.5299999713897705
0x10246f88,float,4,__real@4010a3d7,2.259999990463257
0x10246f8c,float,4,__real@3fd47ae1,1.659999966621399
0x10246f90,float,4,__real@40600000,3.5
0x10246f94,float,4,__real@40851eb8,4.159999847412109
0x10246f98,float,4,__real@409947ae,4.789999961853027
0x10246f9c,float,4,__real@400851ec,2.130000114440918
0x10246fa0,float,4,__real@3fce147b,1.6100000143051147
0x10246fa4,float,4,__real@3f68f5c3,0.9100000262260437
0x10246fa8,float,4,__real@40eae148,7.340000152587891
0x10246fac,float,4,__real@411e6666,9.899999618530273
0x10246fb0,float,4,__real@4133851f,11.220000267028809
0x10246fb4,float,4,__real@41980000,19.0
0x10246fb8,float,4,__real@41700000,15.0
0x10246fbc,float,4,__real@3f28f5c3,0.6600000262260437
0x10246fc0,float,4,__real@3e333333,0.17499999701976776
0x10246fc4,float,4,__real@41380000,11.5
0x10246fc8,float,4,__real@408dc28f,4.429999828338623
0x10246fcc,float,4,__real@45ea6000,7500.0
0x10246fd0,float,4,__real@496a6000,960000.0
0x10246fe0,float,4,__real@d01502f9,-10000000000.0
0x10246fe4,float,4,__real@501502f9,10000000000.0
0x10247df0,float,4,__real@3d23d70a,0.03999999910593033
0x10247f70,float,8,__real@bff921fb54442d28,-1.5707963267949
0x10247f78,float,8,__real@3ff921fb54442d28,1.5707963267949
0x10247f80,float,4,__real@3f7fbe77,0.9990000128746033
0x10247f88,float,8,__real@3e45798ee2308c3a,1e-08
0x10247fa8,float,4,__real@3eb33333,0.3499999940395355
0x10248008,float,4,__real@3b23d70b,0.002500000176951289
0x10248060,float,8,__real@bfb999999999999a,-0.1
0x10248168,float,8,__real@4028000000000000,12.0
0x102481c0,float,4,__real@42200000,40.0
0x102481e8,float,4,__real@3f7ff2e5,0.9998000264167786
0x102481ec,float,4,__real@1e3ce508,9.999999682655225e-21
0x10248430,float,8,__real@3fecccccd5555555,0.9000000158945719
0x10249248,float,8,__real@4022000000000000,9.0
0x10249250,float,8,__real@406fe00000000000,255.0
0x102492e0,float,8,__real@3fc0000000000000,0.125
0x10249500,float,8,__real@bff8000000000000,-1.5
0x10249510,float,8,__real@c000000000000000,-2.0
0x10249528,float,8,__real@40dfffc000000000,32767.0
0x10249530,float,8,__real@4018000000000000,6.0
0x10249538,float,4,__real@437f0000,255.0
0x10249540,float,8,__real@3ff8000000000000,1.5
0x10249548,float,8,__real@4010000000000000,4.0
0x10249558,float,8,__real@4070000000000000,256.0
0x10249578,float,8,__real@400921fb54442d28,3.1415926535898
0x10249580,float,8,__real@bff0000000000000,-1.0
0x10249598,float,8,__real@3fefae147ae147ae,0.99
0x10249640,float,8,__real@3ff4000000000000,1.25
0x10249648,float,8,__real@3fe8000000000000,0.75
0x10249650,float,8,__real@3fb47ae147ae147b,0.08
0x10249658,float,8,__real@3f847ae147ae147b,0.01
0x10249660,float,8,__real@3fa999999999999a,0.05
0x10249670,float,8,__real@4066800000000000,180.0
0x10249680,float,4,__real@3f75be0b,0.9599310755729675
0x10249690,float,8,__real@401921fb54442d28,6.2831853071796
0x102496d0,float,8,__real@3feffffde7210c00,0.9999990000000025
0x10249a40,float,8,__real@4020000000000000,8.0
0x10249b88,float,8,__real@40f86a0000000000,100000.0
0x10249b90,float,8,__real@40d4f8b51eb851ec,21474.83
0x10249b98,float,8,__real@41dfffffffc00000,2147483647.0
0x10249e70,float,8,__real@3fd40346e0000000,0.3127000033855438
0x10249e78,float,8,__real@3fd50e5600000000,0.32899999618530273
0x10249e80,float,8,__real@3fe47ae140000000,0.6399999856948853
0x10249e88,float,8,__real@3fd51eb860000000,0.33000001311302185
0x10249e90,float,8,__real@3fd3333340000000,0.30000001192092896
0x10249e98,float,8,__real@3fe3333340000000,0.6000000238418579
0x10249ea0,float,8,__real@3fc3333340000000,0.15000000596046448
0x10249ea8,float,8,__real@3faeb851e0000000,0.05999999865889549
0x10249eb0,float,8,__real@3fdd1758e0000000,0.45454999804496765
0x1024b7f8,float,8,__real@40efffe000000000,65535.0
0x1024b800,float,8,__real@3f70000000000000,0.00390625
0x1024b808,float,8,__real@3eb0c6f7a0b5ed8d,1e-06
0x1024ca08,float,8,__real@3fe999999999999a,0.8
0x1024df10,float,8,__real@40d0002000000000,16384.5
0x1024df18,float,8,__real@4004e7aea0000000,2.613126039505005
0x1024df20,float,8,__real@3ff1517a80000000,1.0823922157287598
0x1024df28,float,8,__real@3ffd906bc0000000,1.8477590084075928
0x1024df30,float,8,__real@3ff6a09e60000000,1.4142135381698608
0x1024df38,float,8,__real@3ff4e7aea0000000,1.3065630197525024
0x1024df40,float,8,__real@3fe1517a80000000,0.5411961078643799
0x1024df48,float,8,__real@3fd87de2a0000000,0.3826834261417389
0x1024df50,float,8,__real@3fe6a09e60000000,0.7071067690849304
0x1024df78,float,8,__real@4060000000000000,128.0
0x1024df80,float,8,__real@3f80000000000000,0.0078125
0x1024e1e8,float,8,__real@3fb99999a0000000,0.10000000149011612
0x1024e2b8,float,8,__real@403e000000000000,30.0
0x1024e3f0,float,8,__real@3f90000000000000,0.015625
0x1024e3f8,float,8,__real@3fa99999a0000000,0.05000000074505806
0x1024e400,float,8,__real@3fa0000000000000,0.03125
0x1024e438,float,8,__real@3fd0000000000000,0.25
0x1024e560,float,8,__real@3ff921fb60000000,1.5707963705062866
0x1024e568,float,8,__real@3fe921fb60000000,0.7853981852531433
0x1024e92c,float,4,__real@41500000,13.0
0x1024ea68,float,8,__real@405e000000000000,120.0
0x1024ebfc,float,4,__real@41c80000,25.0
0x10250440,float,8,__real@40dfffe000000000,32767.5
0x102504a8,float,8,__real@4080000000000000,512.0
0x102504b0,float,8,__real@3f10000000000000,6.103515625e-05
0x102504b8,float,8,__real@4090000000000000,1024.0
0x102504c0,float,8,__real@40a0000000000000,2048.0
0x102504c8,float,8,__real@3f00000000000000,3.0517578125e-05
0x102504d0,float,8,__real@40d0000000000000,16384.0
0x102504d8,float,8,__real@c080000000000000,-512.0
0x102504e0,float,8,__real@3f40000000000000,0.00048828125
0x102504e8,float,8,__real@40e0000000000000,32768.0
0x102504f0,float,8,__real@c090000000000000,-1024.0
0x10251000,float,8,__real@40699999a0000000,204.8000030517578
0x10251008,float,4,__real@c4000000,-512.0
0x10251aa0,float,4,__real@3c23d70b,0.010000000707805157
0x10251aa8,float,8,__real@3fc99999a0000000,0.20000000298023224
0x10251f08,float,8,__real@412e848000000000,1000000.0
0x10251f10,float,8,__real@3fa47ae147ae147b,0.04
0x10251f18,float,8,__real@3f947ae147ae147b,0.02
0x10252190,float,8,__real@3fe99999a0000000,0.800000011920929
0x10252198,float,8,__real@402e000000000000,15.0
0x102521a0,float,4,__real@c0000000,-2.0
0x10252ae8,float,8,__real@4044000000000000,40.0
0x10252af0,float,8,__real@400921fb60000000,3.1415927410125732
0x10252af8,float,8,__real@4010ccccc0000000,4.199999809265137
0x10252b00,float,8,__real@c008000000000000,-3.0
0x10252b08,float,8,__real@c010ccccc0000000,-4.199999809265137
0x10252b10,float,4,__real@c4fa0000,-2000.0
0x10252b18,float,8,__real@3ff19999a0000000,1.100000023841858
0x10252d78,float,8,__real@3feb333340000000,0.8500000238418579
0x10252d80,float,8,__real@3feb333333333333,0.85
0x10252d90,float,8,__real@3f70101010101010,0.00392156862745098
0x10252dd0,float,4,__real@3e19999a,0.15000000596046448
0x10252dd8,float,8,__real@40f01d0000000000,66000.0
0x10252de0,float,4,__real@3da3d70a,0.07999999821186066
0x10252de4,float,4,__real@3d8f5c29,0.07000000029802322
0x10252de8,float,4,__real@3d75c28f,0.05999999865889549
0x10252df0,float,8,__real@40d5f90000000000,22500.0
0x10252df8,float,4,__real@3d99999a,0.07500000298023224
0x10252e00,float,8,__real@40f0428000000000,66600.0
0x10252e08,float,8,__real@40efa40000000000,64800.0
0x10252e10,float,8,__real@40ef338000000000,63900.0
0x10252e18,float,8,__real@40eec30000000000,63000.0
0x10252e20,float,8,__real@40d6da0000000000,23400.0
0x10252e28,float,8,__real@40d5888000000000,22050.0
0x10252e30,float,8,__real@3fd99999a0000000,0.4000000059604645
0x10252e38,float,4,__real@be99999a,-0.30000001192092896
0x10252e40,float,8,__real@4012d97c7f3321de,4.7123889803847
0x10252e48,float,8,__real@401921fb60000000,6.2831854820251465
0x10252e50,float,8,__real@40f5094120000000,86164.0703125
0x10252e58,float,8,__real@40f5180000000000,86400.0
0x10252e60,float,4,__real@4226eee6,41.733299255371094
0x10255998,float,8,__real@3faeb851eb851eb8,0.06
0x102559a0,float,8,__real@4008020c49ba5e35,3.001
0x102559a8,float,8,__real@3fbeb851e0000000,0.11999999731779099
0x10255a70,float,8,__real@3fc0a3d700000000,0.12999999523162842
0x10255a78,float,8,__real@3fe3333333333333,0.6
0x10255a80,float,8,__real@3fefffeb074a771d,0.99999
0x10255a88,float,8,__real@3ef0001000000000,1.5259021893143654e-05
0x10255ae0,float,8,__real@3fd51eb851eb851f,0.33
0x10255ae8,float,8,__real@3fe51eb851eb851f,0.66
0x10259c48,float,8,__real@3fe6666660000000,0.699999988079071
0x10259c50,float,8,__real@3fe051eb80000000,0.5099999904632568
0x10259ca8,float,8,__real@4040000000000000,32.0
0x10259ce8,float,4,__real@becccccd,-0.4000000059604645
0x10259cf0,float,8,__real@bfc999999999999a,-0.2
0x10259d00,float,8,__real@3fecccccc0000000,0.8999999761581421
0x10259d08,float,8,__real@3fc999999999999a,0.2
0x10259d10,float,8,__real@3ff3333340000000,1.2000000476837158
0x10259d40,float,8,__real@4202a05f20000000,10000000000.0
0x10259da8,float,8,__real@3ff3333333333333,1.2
0x10259db0,float,4,__real@41200000,10.0
0x1025a1f0,float,8,__real@3ffe666666666666,1.9
0x10263978,float,4,__real@4f800000,4294967296.0
0x10263980,float,8,__real@3ff0000000000000,1.0
0x10263988,float,4,__real@40000000,2.0
0x1026398c,float,4,__real@3fc00000,1.5
0x10263990,float,4,__real@40400000,3.0
0x10263994,float,4,__real@3f800000,1.0
0x10263998,float,4,__real@00000000,0.0
0x102639a0,float,8,__real@0000000000000000,0.0
0x102639a8,float,4,__real@40100000,2.25
0x102639ac,float,4,__real@3f400000,0.75
0x102639b0,float,4,__real@42c80000,100.0
0x102639b4,float,4,__real@bf800000,-1.0
