address,type,name
0x10231ea0,global,gcTime
0x10231ea8,global,decay
0x10238d00,global,tab_funcs
0x10238e80,global,mathlib
0x10239030,global,strlib
0x102393c0,global,base_funcs
0x10239488,global,co_funcs
0x102395c0,global,optsnum
0x102395e4,global,opts
0x102397f8,global,fnames
0x10239800,global,iolib
0x10239860,global,flib
0x1023a0f0,global,category_Camera
0x1023a1cc,global,ZOOM_FACTOR
0x10246f4c,global,MAX_LEGO_JOINT_FORCES_MEASURED
0x10247000,global,log_2
0x10247188,global,luaT_eventname
0x102472c8,global,dummynode_
0x10247360,global,priority
0x10250318,global,positionBits
0x10250324,global,positionMin
0x10250330,global,positionMax
0x10250ff8,global,brickEpsilon
0x10251ac0,global,PRIME_TABLE
0x10259db0,global,SKY_BOX
0x10262390,global,s_chBase64EncodingTable
0x10262404,global,s_chHexChars
0x10262440,global,s_Errors
0x102c7580,global,none
0x102c8b94,global,information
0x102c8b98,global,warning
0x102c8b9c,global,error
0x102d21b0,global,whitespaces
0x102e838c,global,specular
0x102e8390,global,shiny
0x102e83c0,global,flatTex
0x102e87ac,global,UNASSIGNED_SYSTEM_ADDRESS
0x102e87b4,global,UNASSIGNED_NETWORK_ID
0x102e87c4,global,UNASSIGNED_SYSTEM_ADDRESS
0x102e87cc,global,UNASSIGNED_NETWORK_ID
0x102e9a90,global,UNASSIGNED_SYSTEM_ADDRESS
0x102e9a98,global,UNASSIGNED_NETWORK_ID
0x102ea554,global,UNASSIGNED_SYSTEM_ADDRESS
0x102ea55c,global,UNASSIGNED_NETWORK_ID
0x102eb05c,global,UNASSIGNED_SYSTEM_ADDRESS
0x102eb064,global,UNASSIGNED_NETWORK_ID
0x102eb940,global,UNASSIGNED_SYSTEM_ADDRESS
0x102eb948,global,UNASSIGNED_NETWORK_ID
0x102ec8f8,global,UNASSIGNED_SYSTEM_ADDRESS
0x102ec900,global,UNASSIGNED_NETWORK_ID
0x102ec90c,global,UNASSIGNED_SYSTEM_ADDRESS
0x102ec914,global,UNASSIGNED_NETWORK_ID
0x102ec924,global,UNASSIGNED_SYSTEM_ADDRESS
0x102ec92c,global,UNASSIGNED_NETWORK_ID
0x102ec938,global,UNASSIGNED_SYSTEM_ADDRESS
0x102ec940,global,UNASSIGNED_NETWORK_ID
0x102ec94c,global,UNASSIGNED_SYSTEM_ADDRESS
0x102ec954,global,UNASSIGNED_NETWORK_ID
0x102ec960,global,UNASSIGNED_SYSTEM_ADDRESS
0x102ec968,global,UNASSIGNED_NETWORK_ID
0x102ec9d8,global,UNASSIGNED_SYSTEM_ADDRESS
0x102ec9e0,global,UNASSIGNED_NETWORK_ID
0x102ecdf0,global,UNASSIGNED_SYSTEM_ADDRESS
0x102ecdf8,global,UNASSIGNED_NETWORK_ID
0x102ece04,global,UNASSIGNED_SYSTEM_ADDRESS
0x102ece0c,global,UNASSIGNED_NETWORK_ID
0x102ece18,global,UNASSIGNED_SYSTEM_ADDRESS
0x102ece20,global,UNASSIGNED_NETWORK_ID
0x102ece2c,global,UNASSIGNED_SYSTEM_ADDRESS
0x102ece34,global,UNASSIGNED_NETWORK_ID
0x102ece40,global,UNASSIGNED_SYSTEM_ADDRESS
0x102ece48,global,UNASSIGNED_NETWORK_ID
0x102ece54,global,left
0x102ece58,global,UNASSIGNED_SYSTEM_ADDRESS
0x102ece60,global,UNASSIGNED_NETWORK_ID
0x102ece6c,global,UNASSIGNED_SYSTEM_ADDRESS
0x102ece74,global,UNASSIGNED_NETWORK_ID
0x102ece94,global,UNASSIGNED_SYSTEM_ADDRESS
0x102ece9c,global,UNASSIGNED_NETWORK_ID
0x102f0420,global,shifts
0x102f4fdb,global,firstTime
0x102f5228,global,methods
0x102f5594,global,standardOut
0x102f55e0,global,skipTrustCheck
0x102f55e8,global,trustCheckMutex
0x102f55f0,global,localScope
0x102f55f4,global,nextIndex
0x102f57f8,global,prop_GetMoonPhase
0x102f5828,global,desc_AmbientBottom
0x102f5844,global,prop_Time
0x102f5860,global,desc_AmbientTop
0x102f5880,global,func_SetMinutesAfterMidnight
0x102f58b8,global,prop_GetSunPosition
0x102f58e8,global,prop_GeographicLatitude
0x102f5908,global,prop_GetMoonPosition
0x102f5938,global,desc_LightColor
0x102f5954,global,desc_ClearColor
0x102f5970,global,func_GetMinutesAfterMidnight
0x102f5a34,global,nameParent
0x102f5a38,global,func_clone
0x102f5a68,global,func_isDescendentOf
0x102f5aa0,global,prop_className
0x102f5af8,global,func_isAncestorOf
0x102f5b30,global,func_children
0x102f5bc4,global,nameName
0x102f5bc8,global,func_Remove
0x102f5bf8,global,func_childrenOld
0x102f5c70,global,findFirstChild
0x102f5db0,global,resetFunction
0x102f5de0,global,event_Heartbeat
0x102f5e08,global,pauseFunction
0x102f5e60,global,runFunction
0x102f5e90,global,flag
0x102f5e94,global,mutex2
0x102f5ec0,global,nullName
0x102f5fd8,global,model_moveFunctionOld
0x102f6018,global,partName
0x102f601c,global,primaryPartProp
0x102f603c,global,desc_ModelInPrimary
0x102f6058,global,desc_breakJoints
0x102f6090,global,model_moveFunction
0x102f60d0,global,desc_makeJoints
0x102f627c,global,physicalCharacterHacked
0x102f6318,global,func_getSelection
0x102f6348,global,func_setSelection
0x102f6384,global,contextCount
0x102f65ec,global,flagInitScriptCpp
0x102f6644,global,helloWorld
0x102f6790,global,workspace_zoomToExtents
0x102f67c8,global,workspace_makeJoints
0x102f6808,global,workspace_breakJoints
0x102f6848,global,workspace_insertContent
0x102f6888,global,currentCameraProxyProp
0x102f68a8,global,workspace_SetThrottleEnabled
0x102f6d00,global,httpGetFunction
0x102f6d40,global,func_SetUIMessageBrickCount
0x102f6d70,global,sanitizeFunction
0x102f6da0,global,getContentFunction
0x102f6dd8,global,loadFunction
0x102f6e10,global,event_Closing
0x102f6e38,global,func_ClearUIMessage
0x102f6e68,global,func_SetUiMessage
0x102f6ea0,global,closeFunction
0x102f6ed0,global,getContentFunctionOld
0x102f6f08,global,saveFunction
0x102f6f40,global,httpPostFunction
0x102f6f90,global,sound_playFunction
0x102f6fc0,global,sound_desc_PlayCount
0x102f6ff8,global,sound_desc_isPaused
0x102f7014,global,sound_desc_SoundId
0x102f7030,global,sound_desc_IsPlaying
0x102f7050,global,sound_stopFunction
0x102f70b8,global,sound_desc_Looped
0x102f70d8,global,sound_pauseFunction
0x102f7144,global,sound_desc_Volume
0x102f9008,global,tag_xmlnsxmime
0x102f90fc,global,prop_ControllerFlagShown
0x102f9120,global,prop_Elasticity
0x102f913c,global,prop_PositionUi
0x102f9158,global,prop_Dragging
0x102f91c8,global,namePart
0x102f91cc,global,prop_shapeUi
0x102f9208,global,desc_join
0x102f9260,global,prop_FormFactorUi
0x102f92b8,global,nameCFrame
0x102f9318,global,namePosition
0x102f931c,global,prop_Friction
0x102f9338,global,desc_unjoin
0x102f9370,global,prop_SizeUi
0x102f93a8,global,desc_getMass
0x102f93fc,global,prop_formFactor
0x102f941c,global,prop_RotVelocity
0x102f9438,global,prop_Velocity
0x102f9604,global,propJump
0x102f9620,global,func_TakeDamage
0x102f9660,global,propWalkRotationalVelocity
0x102f96a0,global,propWalkToPart
0x102f96e4,global,propLeftLeg
0x102f9704,global,propMaxHealth
0x102f9720,global,propSit
0x102f9740,global,func_MoveTo
0x102f9788,global,propHealth
0x102f97c8,global,propTargetPoint
0x102f97e4,global,propWalkToPoint
0x102f9800,global,propWalkDirection
0x102f9840,global,propTorso
0x102f98a8,global,propRightLeg
0x102f99c0,global,func_values
0x102f99f0,global,func_value
0x102f9bf0,global,prop_ModelCoordinateFrames
0x102f9c28,global,prop_gfxcard
0x102f9c44,global,prop_ValidatingDebug
0x102f9c60,global,prop_ram
0x102f9c98,global,prop_UnalignedParts
0x102f9cb4,global,prop_shaderModel
0x102f9cd0,global,prop_PartCoordinateFrames
0x102f9d08,global,prop_assertAction
0x102f9d28,global,prop_resolution
0x102f9d44,global,prop_osPlatformId
0x102f9d60,global,prop_WorldCoordinateFrames
0x102f9d7c,global,prop_osVer
0x102f9d98,global,prop_glVendor
0x102f9db4,global,prop_cpuSpeed
0x102f9dd0,global,prop_errorReporting
0x102f9df0,global,prop_DisableEnvironmentalThrottle
0x102f9e0c,global,prop_videoMemory
0x102f9e28,global,prop_AnchoredParts
0x102f9e44,global,prop_cpu
0x102f9f80,global,prop_AutoAssignable
0x102f9f9c,global,prop_Score
0x102fa168,global,desc_Focus
0x102fa184,global,cameraSubjectProp
0x102fa1a4,global,desc_cameraType
0x102fa328,global,desc_TextureId
0x102fa344,global,desc_legacyCommand
0x102fa360,global,desc_BinType
0x102fa380,global,desc_Selected
0x102fa3a4,global,desc_legacyTextureName
0x102fa3c0,global,desc_Deselected
0x102fa498,global,prop_GripForward
0x102fa4b4,global,event_Deactivated
0x102fa4d8,global,event_Unequipped
0x102fa4fc,global,prop_GripRight
0x102fa518,global,event_Equipped
0x102fa53c,global,prop_GripUp
0x102fa558,global,prop_Grip
0x102fa574,global,prop_FrontendActivationState
0x102fa590,global,prop_BackendToolState
0x102fa5ac,global,prop_GripPos
0x102fa5c8,global,event_Activated
0x102fa694,global,percentSize
0x102fa77c,global,prop_Part1
0x102fa79c,global,prop_Part0
0x102fa7bc,global,prop_C0
0x102fa810,global,prop_C1
0x102fa8c8,global,teams_rebalanceTeamsFunction
0x102fa8f8,global,func_teams
0x102fa92c,global,prop_AttachmentUp
0x102fa948,global,prop_BackendAccoutrementState
0x102fa964,global,prop_AttachmentPos
0x102fa980,global,prop_AttachmentRight
0x102fa99c,global,prop_AttachmentPoint
0x102fa9b8,global,prop_AttachmentForward
0x102faa78,global,y90
0x102faaf0,global,z_neg
0x102fab14,global,y_neg
0x102fadec,global,propBlastRadius
0x102fb1a0,global,prop_LeftRight
0x102fb1c0,global,prop_TopBottom
0x102fb1e0,global,prop_Hole
0x102fb21c,global,prop_InOut
0x102fb23c,global,prop_FaceId
0x102fb2a4,global,event_FlagCaptured
0x102fba64,global,desc_Text
0x102fc268,global,UploadUrlFunction
0x102fc2a0,global,desc_setPing
0x102fc2e0,global,getUploadUrl
0x102fc324,global,prop_MaxItems
0x102fc340,global,func_AddItem
0x102fc4b4,global,prop_TeamColor
0x102fc860,global,desc_BackType
0x102fc880,global,desc_RightParamB
0x102fc89c,global,desc_TopSurfaceInput
0x102fc8bc,global,desc_LegacyRight
0x102fc8d4,global,desc_LegacyBottom
0x102fc8ec,global,desc_TopParamA
0x102fc908,global,desc_FrontType
0x102fc928,global,desc_BottomType
0x102fc948,global,desc_LegacyBack
0x102fc960,global,desc_BackParamA
0x102fc97c,global,desc_FrontParamA
0x102fc998,global,desc_LeftType
0x102fc9b8,global,desc_BackSurfaceInput
0x102fc9d8,global,desc_LeftParamA
0x102fc9f4,global,desc_LegacyLeft
0x102fca0c,global,desc_TopParamB
0x102fca28,global,desc_FrontParamB
0x102fca44,global,desc_BottomSurfaceInput
0x102fca64,global,desc_LeftParamB
0x102fca80,global,desc_TopType
0x102fcaa0,global,desc_BottomParamA
0x102fcabc,global,desc_RightSurfaceInput
0x102fcadc,global,desc_RightParamA
0x102fcaf8,global,desc_BackParamB
0x102fcb14,global,desc_LegacyFront
0x102fcb2c,global,desc_RightType
0x102fcb4c,global,desc_BottomParamB
0x102fcb68,global,desc_LegacyTop
0x102fcb80,global,desc_FrontSurfaceInput
0x102fcba0,global,desc_LeftSurfaceInput
0x102fccf4,global,desc_LegacyConstraint
0x102fccf8,global,desc_LegacyParamB
0x102fccfc,global,desc_LegacyParamA
0x102fcd00,global,desc_LegacySurfaceInput
0x102fcd04,global,desc_LegacyType
0x102fce58,global,desc_Mouse_Button2Up
0x102fce7c,global,desc_Mouse_WheelBackward
0x102fcea0,global,desc_Mouse_Button1Down
0x102fcec4,global,desc_Mouse_ViewSizeY
0x102fcee0,global,desc_Mouse_ViewSizeX
0x102fcefc,global,desc_Mouse_Button1Up
0x102fcf20,global,desc_Mouse_Icon
0x102fcf3c,global,desc_Mouse_Button2Down
0x102fcf60,global,desc_Mouse_Y
0x102fcf7c,global,desc_Target
0x102fcf9c,global,desc_Mouse_Move
0x102fcfc0,global,desc_Mouse_Idle
0x102fcfe4,global,desc_Mouse_X
0x102fd000,global,desc_Mouse_WheelForward
0x102fd024,global,desc_Origin
0x102fd040,global,desc_Mouse_KeyDown
0x102fd064,global,desc_Hit
0x102fd094,global,toSleepingChecking
0x102fd0a8,global,toDeep
0x102fd0cc,global,toTouchingSleeping
0x102fd0dc,global,toTouching
0x102fd0ec,global,toStepping
0x102fd13c,global,once_SafeChat_singleton
0x102fd144,global,utterance
0x102fd148,global,denormFix
0x102fd320,global,desc_textureId
0x102fd33c,global,desc_meshId
0x102fd358,global,desc_scale
0x102fd374,global,desc_meshType
0x102fd394,global,desc_vertColor
0x102fe3a4,global,vertexRefCount
0x102fe490,global,backface
0x102fe4ac,global,cachedBumpImage
0x102fe4c0,global,lastFilename
0x102fe5e4,global,cache
0x102fe9d0,global,func_SetSuperSafeChat
0x102fea08,global,event_Idled
0x102fea88,global,removeCharacterFunction
0x102feab8,global,prop_teamColor
0x102fead8,global,func_SetUnder13
0x102feb10,global,loadCharacterFunction
0x102feb40,global,prop_Character
0x102feb60,global,prop_characterAppearance
0x102feb7c,global,prop_neutral
0x102febdc,global,propPlayerMaxCount
0x102febf8,global,func_players
0x102fec28,global,func_createLocalPlayer
0x102fec60,global,func_GetPlayerByID
0x102fecb8,global,propPlayerCount
0x102fecd8,global,func_GetPlayers
0x102fed08,global,funcReportAbuse
0x102fed48,global,func_playerFromCharacter
0x102fed80,global,event_PlayerAdded
0x102feda8,global,funcChat
0x102fede0,global,event_PlayerRemoving
0x102fee08,global,func_setAbuseReportUrl
0x102fee40,global,func_playerFromCharacterOld
0x102feec0,global,f_connect
0x102ff008,global,f_GetClientCount
0x102ff038,global,server_startFunction
0x102ff310,global,func_SendMarker
0x102ff368,global,func_requestCharacter
0x102ff398,global,func_closeConnection
0x102ff3c8,global,prop_RemotePlayer
0x102ff42c,global,str
0x102ff468,global,lastQueryVal
0x102ff470,global,lastTickCountVal
0x102ff478,global,ipList
0x102ff518,global,uniqueIdentifier
0x102ff618,global,sum
0x102ff880,global,state
0x1030137c,global,toneMap
0x10301384,global,depthBlur
0x103013bd,global,initRobloxFailed
0x103013d0,global,clickFunction
0x10301420,global,clickTextureFunction
0x10301470,global,mainLogManager
0x10301474,global,standardOutLog
0x10301478,global,dotVersion
0x10301878,global,root
0x10301a2c,global,creators
0x10301ab8,global,bDynArrWrapper
0x10301b08,global,showedMessage
0x10301b18,global,errorUploader
0x10301bd8,global,registerFactoryObjects
